{"particleCoordinates":{"0":[[0.2539732131,0.5133569301],[0.3572243512,0.3159241986],[0.4989768534,0.5542926885],[0.3059238135,0.8926531003]],"1":[[0.3076825167,0.3828536467],[0.4792939598,0.5414026087],[0.5084556712,0.9933416863],[0.7420712126,0.7632580623]],"2":[[0.3712106449,0.0018240148],[0.1078395119,0.1867551839],[0.0816127571,0.4621543821],[0.9161636277,0.1328527906]],"3":[[0.9590294122,0.3035610571],[0.0151116661,0.5283786843],[0.9247854409,0.5403430913],[0.5806229337,0.5921583211]],"4":[[0.2222839991,0.0381743388],[0.6175985933,0.8096958349],[0.6009976491,0.0992415705],[0.0364990648,0.7567846429]],"5":[[0.1417508885,0.5754912155],[0.614455119,0.8275763728],[0.2166470491,0.0052777662],[0.4891253319,0.2780406484]],"6":[[0.8356737609,0.7660877328],[0.345432631,0.7139456398],[0.9827294856,0.5031819157],[0.7038906794,0.9624836704]],"7":[[0.2486253879,0.1004565891],[0.0349970942,0.5857218697],[0.0734111869,0.7414907017],[0.7121053064,0.0183960669]],"8":[[0.2144289884,0.1807459964],[0.6640276876,0.6378007719],[0.3637435501,0.1074371626],[0.114340696,0.8921306341]],"9":[[0.5470524057,0.0012892123],[0.6204581572,0.4268517646],[0.4773058766,0.4644306675],[0.6655905723,0.7441058146]],"10":[[0.8381530675,0.0344275775],[0.9532723568,0.3918175144],[0.4488079702,0.9349050801],[0.5712056352,0.8078152767]],"11":[[0.820729727,0.9047176601],[0.0352959342,0.0064357496],[0.3848692947,0.7856369231],[0.4777495342,0.8220802366]],"12":[[0.053963116,0.406548432],[0.0621916048,0.0280444075],[0.6378374858,0.2707750943],[0.9599817768,0.5516636973]],"13":[[0.8408734174,0.3745181084],[0.2481205657,0.112406634],[0.9702494921,0.598228981],[0.7127895255,0.433695237]],"14":[[0.4300852899,0.2415143977],[0.5633123676,0.1350912427],[0.6155233477,0.5602140762],[0.6240196037,0.7221099206]],"15":[[0.4010592265,0.2021065918],[0.2986994506,0.6155529478],[0.0299016222,0.2355588669],[0.1455067473,0.4384610098]],"16":[[0.0226323527,0.6955860563],[0.9254018682,0.7118947779],[0.1123251679,0.1099025202],[0.8553935437,0.4587912749]],"17":[[0.864171322,0.7171609828],[0.97158896,0.5331350686],[0.2337113956,0.8776955567],[0.1002590401,0.0537696959]],"18":[[0.7327224019,0.589392743],[0.0668587047,0.5063954697],[0.2393557918,0.1158547634],[0.5018645736,0.0321688177]],"19":[[0.3145645761,0.503593557],[0.2661666423,0.8767645242],[0.9583452186,0.2074061396],[0.0063767622,0.8654702639]],"20":[[0.9363615382,0.908513002],[0.0344942219,0.0491131747],[0.5294005808,0.8800148134],[0.3638134533,0.334015846]],"21":[[0.4198186801,0.22331097],[0.0436681947,0.3109428724],[0.0483962749,0.9364960159],[0.5479543255,0.8401113271]],"22":[[0.6070452077,0.3133809511],[0.617296791,0.7505945567],[0.9291621154,0.7017227529],[0.5341929269,0.6487389121]],"23":[[0.629548394,0.231554189],[0.1481521552,0.1889113294],[0.2851472218,0.4842947882],[0.6440989765,0.8634975193]],"24":[[0.0805287786,0.2904703053],[0.9589428994,0.309291994],[0.81064332,0.7665175615],[0.5723231729,0.2106135112]],"25":[[0.2010486667,0.4350890153],[0.6010679092,0.0779301482],[0.7404906137,0.07948177],[0.920489338,0.1544728153]],"26":[[0.8835402005,0.7520755897],[0.641648631,0.3119774531],[0.5488383553,0.4134434218],[0.4552252166,0.7847282014]],"27":[[0.425086508,0.3697392073],[0.8281888346,0.5227423097],[0.5614281074,0.4362604274],[0.0665312651,0.8261901897]],"28":[[0.5815691799,0.800189399],[0.4701355605,0.6007451836],[0.5319856919,0.2224168097],[0.9602697811,0.9155245233]],"29":[[0.7059074455,0.3476637899],[0.6256343363,0.1967280534],[0.4892154112,0.8814888557],[0.2431777751,0.6140479566]],"30":[[0.5037269843,0.2383266961],[0.9923950186,0.1145822467],[0.6186642502,0.4473106205],[0.0382857943,0.497082987]],"31":[[0.0955564103,0.6503968838],[0.5507053444,0.1465946842],[0.5223438388,0.6558633102],[0.9155875364,0.4360275126]],"32":[[0.7388726988,0.31635627],[0.4141102431,0.3484775822],[0.6154331592,0.6226912506],[0.1402372627,0.0498738711]],"33":[[0.1197869871,0.6740660235],[0.0366137347,0.1014700247],[0.21582303,0.0266621929],[0.8263596925,0.2448046768]],"34":[[0.7486234844,0.540215921],[0.8034849545,0.043069798],[0.1856947609,0.7106184026],[0.5830713995,0.0368750801]],"35":[[0.5154816619,0.7844921031],[0.4370733123,0.8772443542],[0.3124686186,0.6485805508],[0.8178399571,0.1326831503]],"36":[[0.1142071779,0.2637764262],[0.004084378,0.3011266009],[0.9967015667,0.2645204081],[0.1225109389,0.9015502582]],"37":[[0.7777533693,0.1367457682],[0.0611713728,0.8450822922],[0.6274730204,0.4712319671],[0.1013449842,0.4624311455]],"38":[[0.0318655599,0.8099887417],[0.3713227786,0.7029967369],[0.0636305964,0.156144198],[0.9401098689,0.7724550585]],"39":[[0.982543339,0.6397848499],[0.4287549293,0.228944397],[0.3600197611,0.5461287967],[0.1356681024,0.9920378756]],"40":[[0.4756233244,0.1694922771],[0.1275775654,0.940857876],[0.4005399056,0.2951904397],[0.1640160496,0.7657788272]],"41":[[0.7559722237,0.5910495457],[0.88379446,0.7827539303],[0.0030684071,0.9247566551],[0.7964361191,0.0988664437]],"42":[[0.2613605587,0.2861010966],[0.4063923834,0.6555657637],[0.3949998722,0.5893827377],[0.1403363257,0.1855556458]],"43":[[0.2378931656,0.1185272304],[0.0203273778,0.6105221524],[0.7548769946,0.4995861634],[0.9814507774,0.7260965711]],"44":[[0.5815115673,0.6299168641],[0.4995548175,0.5185686586],[0.5690115826,0.4711717331],[0.2015444028,0.2535804489]],"45":[[0.8272470993,0.5101768363],[0.6721953562,0.6086983676],[0.4335697,0.1496487128],[0.8590836849,0.4898504933]],"46":[[0.7064269227,0.6551681539],[0.5730328662,0.0629259292],[0.4206950939,0.6055556507],[0.5924391363,0.524295991]],"47":[[0.5706155917,0.1433032757],[0.9632266031,0.4792293728],[0.0797478814,0.5765300686],[0.9389828273,0.7187389383]],"48":[[0.2000829211,0.1971247312],[0.3027412067,0.9493165541],[0.4034478183,0.175352863],[0.1375900947,0.4899231188]],"49":[[0.6801139877,0.9809080141],[0.3002352034,0.1406844264],[0.2991947915,0.4400396571],[0.7966886793,0.6353676786]]},"widthOfCell":{"0":1.0,"1":1.0,"2":1.0,"3":1.0,"4":1.0,"5":1.0,"6":1.0,"7":1.0,"8":1.0,"9":1.0,"10":1.0,"11":1.0,"12":1.0,"13":1.0,"14":1.0,"15":1.0,"16":1.0,"17":1.0,"18":1.0,"19":1.0,"20":1.0,"21":1.0,"22":1.0,"23":1.0,"24":1.0,"25":1.0,"26":1.0,"27":1.0,"28":1.0,"29":1.0,"30":1.0,"31":1.0,"32":1.0,"33":1.0,"34":1.0,"35":1.0,"36":1.0,"37":1.0,"38":1.0,"39":1.0,"40":1.0,"41":1.0,"42":1.0,"43":1.0,"44":1.0,"45":1.0,"46":1.0,"47":1.0,"48":1.0,"49":1.0},"numberOfSurroundingCells":{"0":4,"1":4,"2":4,"3":4,"4":4,"5":4,"6":4,"7":4,"8":4,"9":4,"10":4,"11":4,"12":4,"13":4,"14":4,"15":4,"16":4,"17":4,"18":4,"19":4,"20":4,"21":4,"22":4,"23":4,"24":4,"25":4,"26":4,"27":4,"28":4,"29":4,"30":4,"31":4,"32":4,"33":4,"34":4,"35":4,"36":4,"37":4,"38":4,"39":4,"40":4,"41":4,"42":4,"43":4,"44":4,"45":4,"46":4,"47":4,"48":4,"49":4},"potentialEnergy":{"0":17083.4726080364,"1":8116.6364540778,"2":40046.7855204204,"3":19467974.9570904151,"4":2640.8795618131,"5":339.5522678286,"6":7655.3092900127,"7":146472.2203965832,"8":111347.1097983673,"9":282058.4413924284,"10":68993.4794474083,"11":6546444.570481739,"12":116034.7813552047,"13":412774.4765841372,"14":224684.1791806291,"15":14862.2775582051,"16":10357263.8296126425,"17":31647.6581363488,"18":2463.5475610845,"19":3744.4116511506,"20":119571.9460473789,"21":542.4175231352,"22":720991.8466283885,"23":866.5251023775,"24":1759965.4844383576,"25":480617.9718476571,"26":502396.0523511567,"27":230730.7045272611,"28":8974.4835333399,"29":88684.763178597,"30":6438.3658887807,"31":2594.4134641041,"32":1398.5075746392,"33":37342.8016245145,"34":11593.7001748166,"35":1363999.3235023033,"36":24437249631.7483520508,"37":517.763966718,"38":9905224.6166670062,"39":1108.2787123399,"40":365476.1592253566,"41":77860.0833441957,"42":155351393.1338548064,"43":1892874.0929747575,"44":26318213.3845113665,"45":15494282245.2634525299,"46":117064.894466898,"47":368810.9247861572,"48":31881.0401488692,"49":1313.9800355979}}