{"particleCoordinates":{"0":[[35.3016067046,11.6537560837],[47.645100144,25.4654730655],[42.4717504702,9.7452495347],[26.7343465061,39.9692325519]],"1":[[7.6855216388,4.9290844552],[3.9508254966,0.3667660638],[11.7873892829,6.3863032793],[11.5294916214,3.6592134452]],"2":[[4.13215163,5.3899354119],[0.9190841816,5.8114332109],[8.0222128215,6.4892346338],[6.421188063,2.5180568618]],"3":[[5.5031882941,23.3480440734],[24.5466553229,2.0771095762],[5.9568722999,9.2530377901],[16.9069106241,8.5013481687]],"4":[[19.9082160751,17.0262983133],[18.899327046,7.2241542094],[4.5744153739,11.0086150058],[12.2468917091,13.9958206149]],"5":[[0.6194171433,0.5543335952],[2.6013963168,0.2935819344],[1.2877925681,1.3328104379],[0.5989391564,1.3549465664]],"6":[[1.8028879847,16.9703117291],[15.7311640563,3.7770859568],[6.1437351988,7.5765327483],[8.19131603,21.3741939831]],"7":[[14.4348638411,33.1581930548],[32.4708162384,2.1793449342],[19.1691668609,21.2802249857],[16.2065570197,39.5438391901]],"8":[[7.0849812407,5.6833170002],[7.8366640645,6.8642747698],[9.8720112739,4.237466059],[3.948643612,10.1332290396]],"9":[[8.0760509017,7.4327079139],[0.85067649,4.0797483788],[1.4222971605,9.9220490245],[0.2039869945,5.7953732002]],"10":[[12.3274030207,15.368762428],[11.5271053596,3.5521866167],[3.2348304184,21.4437637264],[21.0040455013,0.3484426513]],"11":[[27.2013105299,29.0667472109],[31.1424611618,8.1614719229],[10.8195776223,32.343091701],[7.8363730977,28.5118681836]],"12":[[28.8413911649,26.7020696669],[27.9413519742,32.1677379522],[9.160582965,13.5102251479],[2.6004364606,10.0349001621]],"13":[[17.2446290186,18.4883719957],[11.8885399661,22.423683688],[24.8631020448,23.3912861922],[19.1779075461,2.0379649291]],"14":[[0.3381365843,1.0784585067],[1.2623050541,1.3088183066],[0.2102957508,1.9133645712],[0.1036335148,1.2708814369]],"15":[[33.783177818,21.1005455224],[29.0438657326,14.0128482096],[27.8289827678,9.0464016284],[25.7935253898,22.7196180023]],"16":[[4.6789218629,9.6351441892],[16.4046842742,34.6590198826],[12.242821859,18.3538887655],[27.2548605395,0.4151344329]],"17":[[20.3932726116,11.0125046764],[7.7817071274,16.6051898982],[14.4164099221,22.5894119956],[9.6372288497,28.5807626458]],"18":[[5.578086128,22.7506749455],[23.1045468668,17.7488394832],[5.1452135362,9.4234281299],[3.2571398042,4.2469724823]],"19":[[3.957405965,1.3012838054],[11.6804492223,0.6184588359],[7.5753697867,3.1098027009],[3.1894996865,2.899281025]],"20":[[2.5412091821,4.2102825902],[6.1865066191,13.0293587821],[4.3019449532,18.8935180015],[26.1042893471,6.4435915211]],"21":[[16.6144997487,20.8205485435],[28.8446670575,22.0763556431],[22.7335271983,4.3662249649],[26.0746493484,9.0845051576]],"22":[[0.5493191829,0.7412842379],[0.7854015628,0.0764442689],[0.6266997763,0.1067350236],[1.0021723517,0.9482456231]],"23":[[36.7137776926,0.6201738077],[25.640163748,12.2613807633],[36.8351995186,27.9379627928],[34.3688272269,6.5514138623]],"24":[[21.0658354692,6.6605809587],[4.7700361341,11.6943678733],[8.6889457713,23.3282514361],[12.1204209574,17.9511712307]],"25":[[1.2372012194,0.4611971876],[1.7626846646,3.3278770637],[0.3856269393,0.107580925],[0.4374800086,0.7904042451]],"26":[[15.6551566289,30.3949625062],[9.1236706803,3.1995434301],[3.2577672274,17.4901025035],[31.1551934113,15.3952303329]],"27":[[19.129214547,10.3341025959],[20.7627909863,27.0756794587],[22.6404371173,9.4940340521],[30.4785811424,12.9906344123]],"28":[[2.2045709618,1.2088443857],[1.0848661547,1.521077755],[2.6281568394,1.3794855763],[2.3819127462,0.4752845881]],"29":[[9.3029843329,14.5321800626],[11.932883451,1.7277749653],[6.2142010519,10.2307871427],[8.5075014443,5.2798396893]],"30":[[2.0787436355,6.3283846559],[6.6305168726,4.9643709382],[2.5745978314,6.3626071933],[6.4785005477,4.9619411814]],"31":[[8.2149416281,3.0865054428],[3.9098711817,3.8602992773],[2.6163850938,7.7290526693],[1.801605948,2.4214486199]],"32":[[9.6666386278,17.7782598011],[14.3461458423,10.4705367629],[23.8651819226,23.9195307901],[19.8371256441,4.4578903242]],"33":[[7.7339382812,26.6238844969],[10.3549678195,21.6094204654],[6.8808441751,3.6461003687],[29.2949669256,3.6686328729]],"34":[[0.9820413835,1.273359779],[2.1397166295,0.1217764124],[0.6143999157,0.5154249253],[1.2549428857,1.9293078191]],"35":[[1.8794827385,4.0458394454],[6.8157019737,8.4880219382],[0.6643127866,3.9293577409],[5.4012867954,6.2505660504]],"36":[[11.4802634783,18.7190358718],[20.8513241072,20.772894344],[2.6655646398,1.3717710438],[8.2689310135,9.2868415053]],"37":[[3.1876667312,15.6178400387],[16.5019927039,16.3206963642],[22.4754833019,26.3233816494],[5.8789145379,14.8642789166]],"38":[[1.7847147578,18.018743959],[23.6664115235,16.0127404969],[24.8248512143,11.295236125],[15.088545122,15.0812318382]],"39":[[11.0649158508,2.7831178625],[3.3367659641,12.8993435462],[5.7416226497,6.5729861185],[0.431854674,10.490975213]],"40":[[16.2463951271,11.8511028343],[5.60308897,10.5626528759],[17.19530365,0.3672977923],[2.3520901517,1.8701262061]],"41":[[24.2031543391,21.4793304652],[8.9191632106,0.3599025255],[5.4833066623,0.2721685683],[15.046692255,11.8284917454]],"42":[[33.5661687674,0.0730576104],[13.3216576925,6.8287112812],[26.1358261474,21.2127776822],[22.4807049896,25.4850344472]],"43":[[27.816125027,11.7756599619],[1.8874077025,21.257372796],[0.5265890083,16.567042882],[30.4083687076,10.748970815]],"44":[[2.2796571429,6.0395026039],[7.010340853,2.5555524332],[5.3473646472,7.4542783195],[8.0272740309,3.7829230462]],"45":[[3.3805355402,4.0496786187],[2.8804359439,4.3490551882],[2.4741637712,1.6019274487],[1.7144301821,1.5986589688]],"46":[[18.5246869501,5.7981295536],[14.1676710157,3.1622070677],[20.839324724,19.4420984964],[4.3165313815,11.1105013789]],"47":[[11.9838196001,0.0961893848],[9.4557068366,5.3103983078],[11.9559070057,10.2305908122],[1.6407736795,1.6699868804]],"48":[[16.1201502978,19.1156997485],[1.3376804146,13.3524980588],[44.6792996686,29.7420014574],[43.3695561786,23.3054340223]],"49":[[37.2531136973,35.2859047452],[45.1737483104,22.5648444306],[23.1021540584,32.6440569683],[28.3431649343,19.1423383726]]},"widthOfCell":{"0":49.6796231134,"1":14.9634424799,"2":8.4171272758,"3":27.1701212305,"4":20.9834138653,"5":2.9120507513,"6":24.0157688084,"7":41.1160329284,"8":10.3446497054,"9":11.1246073112,"10":22.5508566663,"11":32.4054302725,"12":32.7418413685,"13":29.2857400149,"14":2.1164040771,"15":39.4755144542,"16":38.4107564231,"17":45.128046953,"18":26.8110472022,"19":15.1280873898,"20":27.1280597937,"21":32.7752687103,"22":1.0726901771,"23":43.3728679027,"24":27.7962444788,"25":3.3755318606,"26":32.3321538334,"27":30.5430252109,"28":2.6776414225,"29":15.0056049638,"30":6.9851781967,"31":8.836058866,"32":34.3082978709,"33":36.9795923233,"34":2.7987088231,"35":9.5675804704,"36":21.5515065799,"37":27.8991992719,"38":29.8803794179,"39":13.5252743659,"40":18.8204728188,"41":25.4186093768,"42":38.991382033,"43":31.5443592181,"44":8.0579944666,"45":7.2210004178,"46":25.926334196,"47":12.4360682766,"48":49.0816878313,"49":46.0119556556},"numberOfSurroundingCells":{"0":4,"1":4,"2":4,"3":4,"4":4,"5":4,"6":4,"7":4,"8":4,"9":4,"10":4,"11":4,"12":4,"13":4,"14":4,"15":4,"16":4,"17":4,"18":4,"19":4,"20":4,"21":4,"22":4,"23":4,"24":4,"25":4,"26":4,"27":4,"28":4,"29":4,"30":4,"31":4,"32":4,"33":4,"34":4,"35":4,"36":4,"37":4,"38":4,"39":4,"40":4,"41":4,"42":4,"43":4,"44":4,"45":4,"46":4,"47":4,"48":4,"49":4},"potentialEnergy":{"0":0.0000686413,"1":0.2143028361,"2":40.5193766109,"3":-0.0000122816,"4":0.0000362333,"5":18205.1669407445,"6":0.0000075307,"7":0.0001693771,"8":43.6222888495,"9":5.0566354585,"10":0.0021962704,"11":0.0020616139,"12":0.0007803604,"13":0.0001617845,"14":8979687.0689710286,"15":0.0014163037,"16":0.0000007389,"17":0.0000637185,"18":0.0007404327,"19":6.588770623,"20":0.0096662261,"21":0.0005044918,"22":1400417514.6274485588,"23":0.0002344647,"24":0.0002158821,"25":27894.6242101145,"26":0.0027852202,"27":0.0222291784,"28":347140.057591391,"29":0.0507507825,