{"particleCoordinates":{"0":[[0.4089605092,0.2511813787],[0.3807237076,0.4781313793],[0.3227427066,0.1997994953],[0.5196375633,0.1397264166]],"1":[[0.6048291708,0.489132952],[0.9057167853,0.4105807429],[0.7853465838,0.3870810486],[0.2817031887,0.1890346993]],"2":[[0.1981309409,0.4199616302],[0.7150017728,0.3427877527],[0.7333552446,0.3912507215],[0.9750201415,0.7922324567]],"3":[[0.150839607,0.1675857182],[0.1240171785,0.1787717058],[0.5953576352,0.5786199083],[0.6326637886,0.1949993684]],"4":[[0.4781893915,0.0625372279],[0.1873215645,0.8820707302],[0.5050943893,0.5703221624],[0.148048726,0.4893426069]],"5":[[0.6316183175,0.1505840071],[0.0969852619,0.3043024963],[0.3120986367,0.0598305356],[0.4439244862,0.0557127496]],"6":[[0.4481098181,0.2499854867],[0.046897977,0.1826118784],[0.7995323139,0.0104713644],[0.1960941111,0.2253351519]],"7":[[0.0825930098,0.0873755674],[0.7894683231,0.7132058222],[0.023877864,0.6258006991],[0.3789720092,0.2943901606]],"8":[[0.8283935397,0.0768209515],[0.0037105472,0.1603864339],[0.7044050216,0.2431516972],[0.025760395,0.783438128]],"9":[[0.117951332,0.3440053928],[0.4696286909,0.2858757895],[0.3242862061,0.4298282141],[0.3017548217,0.2572328164]],"10":[[0.1269887603,0.5063571542],[0.168841323,0.2911293124],[0.2917846674,0.2841711117],[0.6713210505,0.2276599999]],"11":[[0.5507985769,0.188215777],[0.5413447359,0.755585342],[0.9940713977,0.86186972],[0.9637026366,0.1749496048]],"12":[[0.7640632414,0.1622965647],[0.284694742,0.9476488043],[0.3925141712,0.6670911688],[0.7914711971,0.6085393051]],"13":[[0.8794624161,0.2349215988],[0.0815906976,0.8167075276],[0.6043959042,0.4139890121],[0.3859682392,0.6944933402]],"14":[[0.813451982,0.9485566853],[0.6481497919,0.1520823885],[0.9428831875,0.8022931875],[0.1889209433,0.2764174105]],"15":[[0.4766759274,0.7798817782],[0.877560655,0.9892157442],[0.0646591356,0.021705342],[0.0805214425,0.3778596023]],"16":[[0.2458071733,0.2226180247],[0.3076703883,0.5482148078],[0.339733573,0.8709173144],[0.025414613,0.9417594197]],"17":[[0.9173638611,0.5142782075],[0.6201760605,0.3796395652],[0.1852831712,0.966662246],[0.8530648996,0.7382804995]],"18":[[0.5838750315,0.1943156405],[0.8395442643,0.593744386],[0.1406567295,0.6559944618],[0.3228594672,0.264878489]],"19":[[0.7318156053,0.8313783147],[0.7181560074,0.7587103541],[0.1183297499,0.4979708002],[0.1836750836,0.3396586307]],"20":[[0.6583277585,0.2629378269],[0.4080573735,0.173887809],[0.2808894753,0.1322874295],[0.3106061682,0.7507422224]],"21":[[0.2666091867,0.7875644816],[0.9615932499,0.3781472069],[0.6789291646,0.4849920456],[0.5288671338,0.0359683358]],"22":[[0.2770105372,0.2707114288],[0.2850766243,0.7736484521],[0.2807921997,0.3320389779],[0.5565717046,0.2446370031]],"23":[[0.8370350615,0.9929398507],[0.1613114552,0.717541349],[0.6585505173,0.8005647338],[0.6642943875,0.1416052193]],"24":[[0.9855666366,0.3528225804],[0.1668959134,0.7732148599],[0.5059931033,0.3739418032],[0.3954676042,0.6723850829]],"25":[[0.0815602572,0.1253031829],[0.6334179179,0.0695363583],[0.11436477,0.7367273705],[0.2661438218,0.0028119349]],"26":[[0.5119391662,0.8767959659],[0.8349013372,0.3079790154],[0.0563376143,0.7911088169],[0.9535304597,0.9513453859]],"27":[[0.5479314387,0.3328576669],[0.1048705299,0.9151017178],[0.0460040001,0.6339716862],[0.1371873029,0.268055534]],"28":[[0.8070432415,0.5218341428],[0.4630255008,0.0572346193],[0.1356271778,0.1409757562],[0.9423214595,0.0021828842]],"29":[[0.3096504853,0.0509791629],[0.8996102944,0.9262160538],[0.2294764186,0.5189576122],[0.8103859129,0.251635154]],"30":[[0.7435483039,0.2806138716],[0.7605079644,0.2169714272],[0.0119297299,0.7949333415],[0.1633731678,0.7095016874]],"31":[[0.7416985395,0.9012976406],[0.5462269148,0.3691730274],[0.2970705626,0.9487285899],[0.0882074524,0.3584647272]],"32":[[0.992662132,0.8106203433],[0.307601031,0.9287663083],[0.626148537,0.1083009358],[0.7283450576,0.3718692492]],"33":[[0.6879595642,0.7461958993],[0.6054264504,0.8956552029],[0.1060546492,0.9764346534],[0.7596990217,0.3737705192]],"34":[[0.9469370027,0.3315273428],[0.9283383142,0.990032938],[0.9155146086,0.4088276055],[0.9974083105,0.5216671275]],"35":[[0.539735393,0.7047311887],[0.7508205585,0.8287927961],[0.9859418205,0.1524222709],[0.9977142874,0.0752375666]],"36":[[0.4420204832,0.1770187758],[0.6833437596,0.0460306531],[0.2567157477,0.5383442364],[0.6626856359,0.3183939237]],"37":[[0.8861564889,0.4154873468],[0.5444015455,0.6797386283],[0.5877986311,0.3693676924],[0.8489760948,0.3974004459]],"38":[[0.1068346904,0.8134742517],[0.0445218623,0.42120236],[0.303212166,0.643515726],[0.3196359791,0.6419289296]],"39":[[0.6732396651,0.0677576481],[0.2017640468,0.6854302332],[0.335231086,0.0643096507],[0.9379808998,0.0631388524]],"40":[[0.7350564688,0.9837526087],[0.377549198,0.9459441402],[0.9326252832,0.8080569948],[0.0360353597,0.6325757819]],"41":[[0.6916592685,0.1998123466],[0.8509095152,0.1998628861],[0.0292240441,0.1583831862],[0.6662092381,0.8052197717]],"42":[[0.2274066759,0.8981019722],[0.6652044109,0.0423221758],[0.3932613904,0.6764014786],[0.6953271507,0.4117162249]],"43":[[0.709479359,0.1389204692],[0.5906976173,0.2095824754],[0.5904346376,0.2156969542],[0.6246701638,0.7124994375]],"44":[[0.385258376,0.5860891182],[0.8295976355,0.0992840489],[0.7452487962,0.7389382364],[0.2423256254,0.1870927915]],"45":[[0.0837383474,0.5734558191],[0.887472208,0.256341016],[0.1590350748,0.5718065188],[0.623202656,0.8875111363]],"46":[[0.3788050802,0.0423395442],[0.8732989922,0.7578659992],[0.8303902788,0.5040282938],[0.84160253,0.8578447879]],"47":[[0.9192784362,0.6445651295],[0.3872402315,0.2794328233],[0.7834384637,0.1253605297],[0.2529083255,0.4060803237]],"48":[[0.2488749198,0.7570710994],[0.5553158184,0.7516030048],[0.0839171355,0.9878443573],[0.922098325,0.8831017771]],"49":[[0.0371281176,0.0866139094],[0.989624988,0.2772485694],[0.2704332614,0.2412963673],[0.9676702994,0.3377658778]],"50":[[0.5101819069,0.9785517654],[0.6388112271,0.103685331],[0.2011915944,0.6779651785],[0.0841312161,0.0332396941]],"51":[[0.3414642282,0.82929994],[0.1985184967,0.2941133694],[0.5969825845,0.0498871434],[0.4729320397,0.1669772561]],"52":[[0.0260021768,0.5161145641],[0.8524574895,0.5647468327],[0.8856002302,0.2877413973],[0.4926753505,0.1443359208]],"53":[[0.4828865031,0.0429925439],[0.7368370372,0.4097414893],[0.4782599349,0.3469502073],[0.0177659459,0.2190976818]],"54":[[0.8522469679,0.6459365391],[0.2643034253,0.0366256454],[0.0205764581,0.2223711298],[0.2188471146,0.480402991]],"55":[[0.4206060409,0.2469068841],[0.2100574498,0.1100963372],[0.0798101805,0.4078529102],[0.9247554318,0.9736465011]],"56":[[0.3216769006,0.8129956944],[0.1217496297,0.0279338278],[0.1775367459,0.7164989347],[0.5285454422,0.9418112352]],"57":[[0.6446266024,0.2560999894],[0.5258854908,0.2928954399],[0.7796285045,0.766890474],[0.9311235376,0.2565115226]],"58":[[0.9055467392,0.882439354],[0.1922304942,0.2753201567],[0.5126981019,0.8949587674],[0.595822398,0.106244586]],"59":[[0.426814469,0.1582079113],[0.4953323095,0.0282069295],[0.7843257497,0.0362410571],[0.9201527327,0.8986242117]],"60":[[0.3732875788,0.167212683],[0.740114639,0.5493218042],[0.388400811,0.8035039366],[0.7105286386,0.349141782]],"61":[[0.5049139407,0.3534688079],[0.1765206695,0.5721720251],[0.1386410799,0.409786986],[0.8779965228,0.2112194127]],"62":[[0.1564633806,0.5238973424],[0.0475106512,0.8960841314],[0.3294117201,0.1025885408],[0.6675921418,0.0959926034]],"63":[[0.2118893667,0.6875385721],[0.5951621562,0.1055314644],[0.5103601657,0.4540425235],[0.7592568691,0.202696584]],"64":[[0.3250629277,0.3808579812],[0.7941066673,0.7613851967],[0.5791983085,0.4865751869],[0.9533289833,0.7242536629]],"65":[[0.4078495755,0.3371594762],[0.5577543767,0.2120103233],[0.9290545831,0.3237984933],[0.7704395502,0.649151168]],"66":[[0.9354725018,0.2168159785],[0.9610601405,0.4652248635],[0.0082529954,0.9672257099],[0.0178300102,0.3402699257]],