{"particleCoordinates":{"0":[[0.7403701111,0.1578286756],[0.9030091994,0.8622682398],[0.2205778175,0.9843388262],[0.2182165478,0.1639961972]],"1":[[0.4463003821,0.6843570958],[0.0384150565,0.6950293441],[0.215421529,0.4070166481],[0.3072019728,0.9342965517]],"2":[[0.4636050053,0.0088713051],[0.2280880999,0.2857322858],[0.2417677176,0.393609159],[0.952288275,0.732112003]],"3":[[0.3013303735,0.5969089691],[0.0238117084,0.1682937303],[0.5138787057,0.4530033736],[0.6857868534,0.1758068851]],"4":[[0.8081033803,0.2889411367],[0.466514491,0.5316705041],[0.9879217688,0.9752797599],[0.5249233018,0.5164373219]],"5":[[0.4662318775,0.1687332826],[0.9117647942,0.5656005153],[0.1905584049,0.7564773232],[0.0420446888,0.7421637065]],"6":[[0.3308946035,0.9806229751],[0.0925761536,0.3681906287],[0.9493775112,0.2042581315],[0.4558633746,0.2799854278]],"7":[[0.6277435952,0.4720239965],[0.2085151935,0.0283180685],[0.2755754643,0.2409743165],[0.0214211829,0.8240738198]],"8":[[0.1360146109,0.5443799374],[0.7266992533,0.9155564512],[0.92252718,0.6332992853],[0.775839801,0.1978088008]],"9":[[0.9023762197,0.4804380791],[0.7645901759,0.9197126925],[0.6027087025,0.6137180398],[0.3257887871,0.3530494315]],"10":[[0.6122076428,0.7305654031],[0.9214284653,0.6176564453],[0.7111377784,0.2628812195],[0.3871308232,0.1878313265]],"11":[[0.7560280335,0.3863907756],[0.9314762216,0.356295744],[0.9188550258,0.0926016261],[0.2379727474,0.2768808129]],"12":[[0.2999016072,0.2201383543],[0.4731772165,0.0134832433],[0.1038741276,0.2873862022],[0.4408215337,0.231074934]],"13":[[0.5021761784,0.0094398773],[0.6245108365,0.6439702561],[0.3663836994,0.6617900564],[0.4025275222,0.0675970541]],"14":[[0.827131843,0.9312925603],[0.2314035997,0.5981133869],[0.7707847502,0.0600387775],[0.9112147658,0.4217250538]],"15":[[0.9714691829,0.7478154547],[0.7035611513,0.6661408696],[0.8880224698,0.4692038079],[0.1860383953,0.3829102307]],"16":[[0.1048122396,0.4297165682],[0.4099320044,0.5350331445],[0.5967858645,0.3114049277],[0.7766272059,0.4827412985]],"17":[[0.9206187069,0.5624731486],[0.8911692277,0.854079899],[0.722302151,0.1704581092],[0.7077569286,0.8339187765]],"18":[[0.4994746308,0.2276642985],[0.0542252502,0.1336045966],[0.4329385079,0.826180966],[0.6602243234,0.270696315]],"19":[[0.7935289315,0.1947291004],[0.2950999729,0.3585141469],[0.1171183604,0.21908394],[0.4269661977,0.4519170929]],"20":[[0.7455168387,0.0754038934],[0.778834693,0.5317481652],[0.0738393433,0.2538544229],[0.9478925051,0.7044733744]],"21":[[0.9017085603,0.2426378532],[0.5617975495,0.774322726],[0.927132979,0.1720929813],[0.8260975706,0.2400047085]],"22":[[0.9200317868,0.3190707251],[0.9384556091,0.4557787983],[0.8083375413,0.1847507159],[0.9772382807,0.4607494663]],"23":[[0.1677158158,0.0624858741],[0.3117967657,0.9232963645],[0.375953494,0.8251783491],[0.3495142698,0.5906464635]],"24":[[0.2349538145,0.7419739071],[0.596770571,0.3756149164],[0.3051089737,0.7298285903],[0.228696221,0.0707326651]],"25":[[0.2256093123,0.4659944693],[0.2245341748,0.8842369073],[0.2393380228,0.2758210696],[0.7836784385,0.3945863304]],"26":[[0.718469634,0.8399300986],[0.5044959753,0.4941391525],[0.8831531102,0.9148381044],[0.9797914283,0.7806029624]],"27":[[0.5551643687,0.5571339662],[0.5625931551,0.093582779],[0.8605149117,0.262153652],[0.8549343564,0.8700372501]],"28":[[0.5287524619,0.3025907992],[0.9501560399,0.8442061609],[0.5213042014,0.9934316551],[0.6627288963,0.2633317259]],"29":[[0.0534544992,0.5298836068],[0.3406356989,0.4397723482],[0.3790448341,0.6604361744],[0.3106950601,0.4072474904]],"30":[[0.9637277685,0.7491895564],[0.4621110382,0.1036688247],[0.8050310385,0.8509253288],[0.0604277021,0.7973410793]],"31":[[0.7857372038,0.355609892],[0.9059110686,0.5436435103],[0.1255076861,0.5173385596],[0.1574229424,0.5543167208]],"32":[[0.8367725123,0.0547154683],[0.713158238,0.0363500236],[0.6265073276,0.9378568957],[0.5569744015,0.6760882403]],"33":[[0.965069054,0.7142956676],[0.1545594944,0.8736531031],[0.6880041156,0.5075539351],[0.7989316506,0.990996985]],"34":[[0.293497501,0.4008152313],[0.9932058166,0.8169091679],[0.6099183702,0.1680568896],[0.0771267989,0.8309205568]],"35":[[0.2947052522,0.0459197947],[0.407446535,0.2184689474],[0.3161848326,0.5940329591],[0.4246707842,0.920121436]],"36":[[0.367842528,0.0148639411],[0.2064346104,0.211480832],[0.1070073404,0.301171903],[0.5993487659,0.7419415753]],"37":[[0.1242004267,0.3239329253],[0.653344585,0.061386273],[0.5904059803,0.5490038689],[0.0755513257,0.7445682105]],"38":[[0.4712191956,0.4541457546],[0.308440066,0.0814448935],[0.0162935673,0.7015383072],[0.6071108668,0.3751798214]],"39":[[0.8601552108,0.6975054307],[0.7835860423,0.6463582482],[0.134160664,0.0667288836],[0.4356834809,0.371790685]],"40":[[0.9625794628,0.5321286756],[0.6560619519,0.5902005884],[0.3060288373,0.2051543516],[0.5005563867,0.8550248948]],"41":[[0.5240257511,0.3424047783],[0.6405889399,0.6752165678],[0.4580167983,0.3423294703],[0.1736973019,0.5492037727]],"42":[[0.4474712988,0.5327413214],[0.6512667231,0.0932815373],[0.6253155508,0.3528724283],[0.8419211347,0.7570642037]],"43":[[0.3695926733,0.820391185],[0.8866015416,0.2822581763],[0.2330126756,0.1930044452],[0.0796254972,0.5371649932]],"44":[[0.1585694151,0.9119798493],[0.0201835134,0.7803967302],[0.9112208134,0.7370708792],[0.8621478985,0.58478255]],"45":[[0.0738503315,0.2575074251],[0.1992557369,0.8243882484],[0.2351765621,0.295254794],[0.4807678233,0.4994784199]],"46":[[0.4384472261,0.0904606251],[0.0105479728,0.4692742588],[0.2309880112,0.9699641992],[0.6331404122,0.6949564931]],"47":[[0.19179442,0.2907504738],[0.3710150499,0.8883369073],[0.3145716455,0.1496501136],[0.6386237174,0.416703997]],"48":[[0.601225269,0.3849132026],[0.8774787376,0.6785306424],[0.8803056353,0.0613836612],[0.8704798958,0.2593521615]],"49":[[0.6095049364,0.1409961757],[0.7497861792,0.7856600621],[0.0879598235,0.3404227732],[0.492235339,0.0331198686]]},"widthOfCell":{"0":1.0,"1":1.0,"2":1.0,"3":1.0,"4":1.0,"5":1.0,"6":1.0,"7":1.0,"8":1.0,"9":1.0,"10":1.0,"11":1.0,"12":1.0,"13":1.0,"14":1.0,"15":1.0,"16":1.0,"17":1.0,"18":1.0,"19":1.0,"20":1.0,"21":1.0,"22":1.0,"23":1.0,"24":1.0,"25":1.0,"26":1.0,"27":1.0,"28":1.0,"29":1.0,"30":1.0,"31":1.0,"32":1.0,"33":1.0,"34":1.0,"35":1.0,"36":1.0,"37":1.0,"38":1.0,"39":1.0,"40":1.0,"41":1.0,"42":1.0,"43":1.0,"44":1.0,"45":1.0,"46":1.0,"47":1.0,"48":1.0,"49":1.0},"numberOfSurroundingCells":{"0":4,"1":4,"2":4,"3":4,"4":4,"5":4,"6":4,"7":4,"8":4,"9":4,"10":4,"11":4,"12":4,"13":4,"14":4,"15":4,"16":4,"17":4,"18":4,"19":4,"20":4,"21":4,"22":4,"23":4,"24":4,"25":4,"26":4,"27":4,"28":4,"29":4,"30":4,"31":4,"32":4,"33":4,"34":4,"35":4,"36":4,"37":4,"38":4,"39":4,"40":4,"41":4,"42":4,"43":4,"44":4,"45":4,"46":4,"47":4,"48":4,"49":4},"potentialEnergy":{"0":86181.1494948098,"1":2342.9267088682,"2":3284235.4835511856,"3":4446.4440288243,"4":364245588.0489583611,"5":278998.0558160905,"6":19335.4584301575,"7":13235.0473789645,"8":13676.7317645553,"9":1012.6753539346,"10":1003.1142866382,"11":67885.983385592,"12":435962.0410274038,"13":2047988.4169700113,"14":607642.2695517885,"15":6327.4589756701,"16":6974.9544587022,"17":50110.9368971648,"18":109440.4909564921,"19":148326.0315211761,"20":6010.7205131719,"21":125332858.6044581532,"22":11753232005.4175853729,"23":1842805.2858975085,"24":97221645.0536236018,"25":37055.6132736831,"26":172829.8386198773,"27":893.0797474583,"28":447104.0503018587,"29":4401130757.0459213257,"30":5026726.5196055267,"31":1980995444.0455513,"32":2141732.217696155,"33":7613.1343176694,"34":33647069.9169018716,"35":102073.6926959743,"36":625195.0035292259,"37":147.3125511017,"38":172601.7017862216,"39":12421869.4357281998,"40":1691.0898756567,"41":178119614.1045189798,"42":7059.2701552119,"43":1544.0173232081,"44":2776528.125618828,"45":113780.6568183377,"46":8558.1980724697,"47":46508.4061094073,"48":28368.7686289791,"49":155027.6589189577}}