{"particleCoordinates":{"0":[[0.1765513751,0.9636131483],[0.4593002908,0.3720127839],[0.4036923407,0.0292042618],[0.6613070594,0.2672218389]],"1":[[0.2746340007,0.7819080389],[0.3154637675,0.3476957869],[0.36603629,0.8465044439],[0.2312845567,0.8307618479]],"2":[[0.8812399196,0.9961226551],[0.5253673626,0.2383538476],[0.1706107975,0.059937319],[0.6992976773,0.1417673137]],"3":[[0.0609047676,0.9112843482],[0.1160985857,0.3025335282],[0.4998671221,0.4304382689],[0.6062965391,0.8767164606]],"4":[[0.9895677986,0.4755436992],[0.7927010231,0.4353900011],[0.9148276732,0.4162409614],[0.0161621931,0.5648139718]],"5":[[0.399860282,0.073013737],[0.3253514956,0.4241464067],[0.6679232687,0.5577914728],[0.7541842449,0.3570219344]],"6":[[0.2809624719,0.6131622939],[0.8495851496,0.121952499],[0.2977349288,0.2098587875],[0.3594311839,0.4013155381]],"7":[[0.7448708906,0.778384611],[0.7942490711,0.3030495367],[0.1324128997,0.8255289662],[0.8699208289,0.1116723755]],"8":[[0.2614967587,0.5574943602],[0.4711375644,0.1507278498],[0.2955958085,0.9262362039],[0.2304237118,0.2564093698]],"9":[[0.9159872157,0.6043586682],[0.7388902597,0.9715396268],[0.117740449,0.398002612],[0.0668803383,0.9530387466]],"10":[[0.1593653113,0.0807631783],[0.0553626649,0.0213290311],[0.4673756908,0.5430824539],[0.9231859728,0.5484012277]],"11":[[0.5536289311,0.8661748926],[0.1356422825,0.0059326978],[0.630453279,0.7747833603],[0.7192434723,0.4772519637]],"12":[[0.6164807994,0.7191326586],[0.1225211753,0.1276445172],[0.5147311642,0.0581368234],[0.1368822142,0.16432717]],"13":[[0.7873764938,0.0107333156],[0.424470299,0.1807846223],[0.0152446575,0.0557099761],[0.1662309789,0.5241215994]],"14":[[0.2402005959,0.5567641057],[0.9850424511,0.2213049046],[0.0062835735,0.7204034907],[0.6742279297,0.5255656692]],"15":[[0.378383059,0.4066268669],[0.0126600756,0.8622310636],[0.241162161,0.1829802384],[0.2697379995,0.7953614383]],"16":[[0.7959509008,0.2322108746],[0.2948395634,0.4385157303],[0.6757133333,0.5869169135],[0.3910870201,0.9615636735]],"17":[[0.9850052479,0.2597436088],[0.4376491669,0.4568181942],[0.819959677,0.7215784272],[0.730787283,0.0783115424]],"18":[[0.5424724623,0.3948700759],[0.7528649726,0.1882166472],[0.1121670688,0.2900672823],[0.5569475106,0.1945426673]],"19":[[0.0137545774,0.3771192404],[0.0987880117,0.5239605451],[0.4649109599,0.5001286638],[0.9408585105,0.4229960403]],"20":[[0.4457317383,0.403769876],[0.818523192,0.8770693991],[0.5074514143,0.4503412488],[0.784457012,0.955914863]],"21":[[0.3609720346,0.4179283527],[0.4658094235,0.2302375248],[0.958346942,0.1889532464],[0.9830490014,0.9186341383]],"22":[[0.9858176877,0.7521469206],[0.8896929526,0.087284137],[0.8227672979,0.6090063985],[0.2794608198,0.9975493581]],"23":[[0.7361454985,0.2185395088],[0.849588275,0.9822226883],[0.33819152,0.8253586769],[0.0162954474,0.7015428892]],"24":[[0.2702547147,0.1966500078],[0.8761012736,0.9888945185],[0.3673908575,0.0288141452],[0.2189314108,0.3656668552]],"25":[[0.4988662849,0.5163636982],[0.5213815336,0.4033585934],[0.3786979211,0.3246071824],[0.5546184225,0.7364857778]],"26":[[0.6380402117,0.2133230123],[0.6488488978,0.1552810066],[0.5901549514,0.6636250744],[0.0169783384,0.6795127805]],"27":[[0.6656012191,0.9630798524],[0.9749776118,0.3091768697],[0.4981128663,0.5495839233],[0.317279719,0.9785929877]],"28":[[0.5670532667,0.1614166365],[0.6923958496,0.5650970873],[0.6041344885,0.5015781778],[0.7406557413,0.385475994]],"29":[[0.9072746903,0.4442866384],[0.9132231183,0.4258258863],[0.4366286591,0.1880435573],[0.8879078176,0.8221362783]],"30":[[0.0036810237,0.6029969875],[0.6982985924,0.5739847016],[0.8416593857,0.7404279859],[0.9483871005,0.1039761643]],"31":[[0.8838990698,0.0919782834],[0.1119264841,0.4319755852],[0.6673431229,0.5571867731],[0.556608116,0.5454902791]],"32":[[0.293924471,0.9803101493],[0.0197050706,0.7454475364],[0.2961971358,0.2764793117],[0.3313542577,0.8282823563]],"33":[[0.9112867572,0.966935469],[0.0245554152,0.5593983633],[0.3272761147,0.5623357928],[0.7785869129,0.7172421362]],"34":[[0.2842322886,0.2659195455],[0.1678067774,0.3110182229],[0.0103989129,0.4136063379],[0.2818850582,0.4359505957]],"35":[[0.2001338128,0.5746199911],[0.0854773636,0.3385110793],[0.4675055615,0.1736718722],[0.9171042343,0.1105773362]],"36":[[0.3615757735,0.7255557064],[0.6573639773,0.1902418286],[0.7147897054,0.2877934623],[0.3313377349,0.131331331]],"37":[[0.3034366362,0.0425050798],[0.831545841,0.2207952239],[0.0646712384,0.554291113],[0.2532687556,0.5058344395]],"38":[[0.702626182,0.2277546216],[0.0974019032,0.5475627882],[0.2098010447,0.1438831284],[0.3800968556,0.0714712359]],"39":[[0.0889614008,0.8140529931],[0.9788540228,0.9084463446],[0.1931866269,0.4680923353],[0.9574980509,0.2449305661]],"40":[[0.5335149021,0.452482283],[0.4388273582,0.0925240483],[0.6299523325,0.9106307408],[0.2878351691,0.4767938878]],"41":[[0.1721514692,0.6425615988],[0.0769201057,0.0807768493],[0.7814221607,0.3392888763],[0.2357760878,0.5986957992]],"42":[[0.1666004213,0.1341464497],[0.30539096,0.4511398838],[0.0846454055,0.0002866334],[0.9034627197,0.3005168828]],"43":[[0.3568708752,0.6686742985],[0.1478376157,0.8917563341],[0.5032400041,0.0319455564],[0.7251379524,0.8958316943]],"44":[[0.1207656022,0.2080517437],[0.1768945805,0.9694105592],[0.0660685042,0.9478858669],[0.4050471868,0.8101667973]],"45":[[0.8404285577,0.9559445494],[0.2715470422,0.7245798794],[0.6724707156,0.664015157],[0.7891272186,0.4777748984]],"46":[[0.2748056626,0.531172847],[0.6747061152,0.2807816378],[0.9696820937,0.212097162],[0.829649015,0.649413537]],"47":[[0.2457554091,0.2790243903],[0.2867500204,0.092796059],[0.9741233715,0.9151240577],[0.0762775188,0.1560934337]],"48":[[0.7791744722,0.4552258124],[0.1262282186,0.1596536161],[0.039311599,0.9319423009],[0.2579183637,0.764208524]],"49":[[0.0108775121,0.9103728403],[0.3173642108,0.7568308365],[0.0100393422,0.3149631371],[0.1123002146,0.0973731976]],"50":[[0.8034613504,0.0891380779],[0.776353822,0.4657180704],[0.1502947618,0.2125184857],[0.7750399793,0.6489299429]],"51":[[0.8412416097,0.0055449992],[0.3045510821,0.7165726108],[0.9884709646,0.0196727565],[0.1998954722,0.620303642]],"52":[[0.3278674593,0.7001114147],[0.5600911277,0.9436791973],[0.2216284648,0.7600606667],[0.1632617373,0.602318067]],"53":[[0.4472303778,0.8458344922],[0.6569639602,0.3963603578],[0.6082209663,0.5001851908],[0.911907681,0.994011965]],"54":[[0.2999682026,0.5869791625],[0.0569359497,0.704599276],[0.1203054569,0.3990824849],[0.5954255317,0.1822406436]],"55":[[0.6191588261,0.7885321714],[0.7687641363,0.6977506452],[0.5440427817,0.1954964861],[0.3351272025,0.5776840793]],"56":[[0.4079005213,0.0064484896],[0.2895515654,0.8694860829],[0.5021493733,0.5727142034],[0.9338542634,0.0788797317]],"57":[[0.6811939539,0.6981279994],[0.2155211411,0.6573519806],[0.3771333866,0.4540920794],[0.6911014813,0.980012482]],"58":[[0.75672183,0.7698908518],[0.5440450716,0.3300633694],[0.7822644476,0.9087195481],[0.9276246158,0.8180580104]],"59":[[0.5699473232,0.4477900018],[0.9773989123,0.5616123914],[0.921580151,0.5235664818],[0.3673832015,0.9718491303]],"60":[[0.0131512874,0.8082552748],[0.7358522147,0.7443257692],[0.560232224,0.6515080921],[0.2348309381,0.1175467422]],"61":[[0.4635644447,0.1237446695],[0.8852712431,0.4699379786],[0.2203805303,0.353395353],[0.8215904896,0.7892693348]],"62":[[0.268651841,0.4437182863],[0.3934055604,0.5969313772],[0.6198597,0.8962544947],[0.7131010692,0.8734861571]],"63":[[0.4004004965,0.2601438452],[0.8173454242,0.3968029917],[0.8768567139,0.7496517793],[0.6932311879,0.0356997418]],"64":[[0.2173916451,0.0215891732],[0.4326666444,0.84318096],[0.2659804592,0.7518878235],[0.8647683884,0.4965542787]],"65":[[0.4099356534,0.4851398747],[0.1123123628,0.0721029295],[0.2759738984,0.0501546894],[0.024610091,0.9952183297]],"66":[[0.389578872,0.9247347132],[0.3060616421,0.8664122911],[0.0666152587,0.5093488826],[0.3338126634,0.6495710386]],