{"particleCoordinates":{"0":[[13.6917479326,35.214798478],[101.9209681817,35.4989315998],[114.7389554295,87.3129276265],[111.8693585061,44.9321844628]],"1":[[29.5497021586,42.6683504846],[77.637940451,61.224441143],[35.6156770068,95.326093418],[5.2929528066,4.3247021579]],"2":[[32.4935559201,34.0561585466],[12.4677098042,6.6972665834],[30.6102419769,4.6236265489],[15.5913534503,17.5941321566]],"3":[[5.8219799131,71.4831987394],[27.515629916,79.0196240541],[64.581141251,22.480958342],[88.2077168093,11.3538578375]],"4":[[26.1167709635,57.145976434],[45.3377805726,64.2125927053],[3.7527817402,73.7383433271],[71.1019025042,17.7060482055]],"5":[[93.8442120934,16.619501881],[65.5115609753,40.8416421202],[72.1709112433,46.1957475857],[3.8073022613,60.1085250943]],"6":[[1.4423239135,12.3378164979],[63.5463115882,55.3083849543],[53.7818621314,76.9416649088],[54.2323966878,11.6175948623]],"7":[[36.3805289643,74.3712888128],[31.0082032393,91.7224174427],[68.0859550175,91.7066603018],[0.768719608,70.3639294611]],"8":[[23.009572997,13.839299117],[41.2456048384,19.7564033254],[62.0953470402,23.4480036175],[6.0090535411,58.2537383103]],"9":[[60.8658857447,59.8426358737],[14.4181681272,28.3422283855],[4.5082938794,13.3427281278],[19.806443335,49.4657664117]],"10":[[10.8427558533,9.8543379066],[5.3801962574,11.6907730897],[9.0096185451,7.6977976142],[3.0117444869,8.287128883]],"11":[[18.1963989236,13.6152418701],[8.161012676,25.2857979356],[17.0769165486,14.3454206243],[12.316526269,25.1491394456]],"12":[[27.4941868985,21.8003844844],[77.6867083694,8.6912613595],[75.4013390846,34.3007975681],[71.1323508865,6.5450889069]],"13":[[0.4330977116,1.4025505931],[4.9017076394,0.9211703783],[2.2502315044,1.8568167587],[4.2478066435,3.2166874858]],"14":[[3.194885696,0.1057834914],[5.2344512055,4.8222862216],[6.6476665621,2.9589442048],[0.7396689581,2.6748080602]],"15":[[26.180485999,4.5530591319],[24.9287558148,5.1787577337],[18.1982332177,0.8321208218],[13.8077469482,12.9663130025]],"16":[[2.8120395181,8.1556305563],[15.7906655413,21.9743492576],[2.9647587583,13.9594326157],[10.9430425043,12.4506182435]],"17":[[26.6228615855,33.5411293106],[33.1404864045,22.2740863361],[28.6792477533,8.0761631006],[5.1134377093,9.689397193]],"18":[[41.1812186538,74.8482836385],[41.6201591433,38.2469263822],[57.8786512914,26.6190692946],[106.1356284774,19.4716467251]],"19":[[7.4541733678,6.1198578946],[18.9207085923,35.8691663035],[34.4339897505,11.8786146041],[21.8674596752,4.3322688002]],"20":[[45.2656040371,20.8636659686],[67.7797642108,16.087564178],[36.3188560313,34.0439135266],[18.8782999962,74.5386962997]],"21":[[30.819865127,0.3506749888],[8.0811584536,11.3846692751],[34.1002847034,8.7757374626],[4.4488058875,24.5368819801]],"22":[[45.1634976565,32.9541928266],[15.3011556176,59.677548369],[79.4573009621,8.5763808584],[28.2781372237,75.5175574276]],"23":[[5.0674337453,2.3895493736],[36.4925041555,65.0601500446],[53.2716688207,12.1798578809],[46.2559409621,59.8834479988]],"24":[[52.5331241458,14.177396154],[58.1346588285,16.3025459919],[19.3359426129,29.5776380964],[16.3677293586,9.738571248]],"25":[[3.7301852153,6.0571205931],[0.3116184614,10.5617610363],[1.142219065,5.3401385036],[5.0208515949,0.1489756201]],"26":[[37.7824793456,80.5720925207],[39.5460708319,59.4721091707],[36.8273909437,99.4995883875],[110.693568085,0.5218973825]],"27":[[0.2574953569,3.4648218115],[5.7176206785,2.7656512603],[1.9327445007,5.5992835439],[2.6103142246,5.1241508633]],"28":[[21.0234168365,17.8945305446],[20.6913875389,65.8939048567],[21.1403862791,23.1331163274],[36.9063652809,61.9722963877]],"29":[[72.9153254431,50.0352314802],[84.8313868821,45.54115254],[39.276221256,30.7558580269],[10.797243914,35.9386683219]],"30":[[81.2948490863,95.7183891275],[96.9573017706,35.7083549325],[45.1752143852,61.2002684914],[63.1087733224,108.1704490506]],"31":[[20.0228830496,19.3899896659],[17.4429727476,13.9344965931],[15.8134149861,6.1858601497],[14.1311360883,5.2325209515]],"32":[[14.4801406254,18.1643432391],[1.5229653945,22.4904143997],[12.7920770884,1.1034200766],[11.2822703344,28.5523902307]],"33":[[54.7217396379,56.6502136938],[65.9815162813,35.6646897992],[69.1385549075,5.0211858992],[62.9334989698,71.3308846592]],"34":[[29.8034289994,10.1966045062],[25.4268152698,29.7246408219],[20.5508954458,40.5396532397],[35.0219464663,25.8090587792]],"35":[[12.0847186229,51.1733341995],[20.6590485358,39.114122173],[45.4458063713,14.6067609899],[9.6220244588,49.8442602495]],"36":[[5.1468574263,4.9272263206],[31.854675556,8.3712012388],[19.073281848,28.7482015187],[34.1057042751,11.5432275938]],"37":[[15.5234764089,10.81330612],[17.0246934379,12.3364522693],[4.3790968706,7.5904488113],[20.8521561396,7.5018038468]],"38":[[21.0007869768,12.3319436312],[47.4617829332,46.2224600856],[85.5226386708,67.2924919812],[26.6355974136,58.0428528412]],"39":[[10.3365393225,24.4656178568],[10.5121360241,31.7779152526],[13.08443543,11.2945878951],[20.5155835953,4.1372197714]],"40":[[45.396053977,13.0021714901],[48.111289987,22.488420658],[45.0478073833,3.0345005263],[21.6076464775,45.3883494954]],"41":[[9.9192384742,60.3030202598],[86.1747891183,48.2793917111],[34.6881322311,59.835461325],[43.4998032516,47.7826640302]],"42":[[2.124074526,33.2486334387],[6.4437538248,2.0817143732],[35.8214625241,32.1155005792],[35.3570464801,21.408898597]],"43":[[58.003592285,24.5689110889],[41.889263911,19.2391885565],[14.8308768793,47.9068680896],[30.5952097512,52.4502188442]],"44":[[5.6678578314,3.6295014369],[0.1596756111,10.3157566109],[5.3301502327,10.5331003119],[2.3555779544,9.6486398832]],"45":[[8.6076203523,7.2475446813],[7.0803463973,5.8158511288],[6.4749146276,1.7475629556],[6.4569612682,3.8379738379]],"46":[[3.6426024818,52.7770694685],[40.2183479445,17.4790276847],[16.158369663,28.8217288751],[15.063127946,23.3047925908]],"47":[[6.7238495848,66.5320326199],[8.8856230062,4.0509890385],[34.940903887,32.9020344976],[84.1569555232,55.2645174796]],"48":[[7.0348473124,4.0063839893],[4.1312010088,5.8834236971],[7.2264083378,2.4457813019],[1.0070727345,7.4243318068]],"49":[[12.5727431475,12.0333628344],[2.8887104098,6.3483935941],[9.5065335391,6.6102818434],[7.0135114514,14.9637876689]]},"widthOfCell":{"0":124.4982804951,"1":96.2061154557,"2":47.086796359,"3":89.2833282789,"4":74.6483949395,"5":105.6470761359,"6":89.5183689928,"7":95.4719600772,"8":85.3177605369,"9":63.6218336803,"10":11.8025346044,"11":29.7124900497,"12":87.8359616089,"13":5.4516175425,"14":7.1855851012,"15":26.5265155058,"16":22.7370752456,"17":38.8836584025,"18":121.9838670764,"19":38.0152765213,"20":79.4661860466,"21":39.8764036144,"22":82.428449232,"23":89.7320575601,"24":67.5763924999,"25":10.873998641,"26":124.1634392254,"27":6.2559466801,"28":67.3007820687,"29":88.5488398532,"30":110.4802446902,"31":21.0976053935,"32":30.3758535836,"33":83.7373901238,"34":44.7643136329,"35":55.9735476112,"36":36.212919,"37":26.0415975153,"38":86.416040864,"39":34.3724488311,"40":63.4426001547,"41":102.6838251432,"42":47.1130282083,"43":83.9152701693,"44":10.9893334344,"45":9.7171627562,"46":53.3814521277,"47":96.3882660825,"48":7.4581616755,"49":16.4825595392},"numberOfSurroundingCells":{"0":4,"1":4,"2":4,"3":4,"4":4,"5":4,"6":4,"7":4,"8":4,"9":4,"10":4,"11":4,"12":4,"13":4,"14":4,"15":4,"16":4,"17":4,"18":4,"19":4,"20":4,"21":4,"22":4,"23":4,"24":4,"25":4,"26":4,"27":4,"28":4,"29":4,"30":4,"31":4,"32":4,"33":4,"34":4,"35":4,"36":4,"37":4,"38":4,"39":4,"40":4,"41":4,"42":4,"43":4,"44":4,"45":4,"46":4,"47":4,"48":4,"49":4},"potentialEnergy":{"0":0.0000067011,"1":-0.0000002207,"2":0.0000170243,"3":-0.0000003817,"4":-0.0000005053,"5":0.0003120787,"6":-0.000000336,"7":0.0000003893,"8":0.0000001275,"9":-0.0000020456,"10":2.3278417012,"11":872.0023382861,"12":0.0017333663,"13":6285.2746656082,"14":1494.8056148679,"15":603.7307800311,"16":0.0062466304,"17":-0.0000311904,"18":0.0000002671,"19":0.0018639803,"20":0.0000012797,"21":0.0001544039,"22":-0.000000362,"23":0.0000394241,"24":0.0053463256,