{"particleCoordinates":{"0":[[0.3203736835,1.2240645486],[0.9393195515,0.2956153353],[1.8114513879,1.1979197116],[0.9223207908,1.4735119129]],"1":[[1.9010031277,2.1506803394],[3.2425335975,1.0121687399],[3.0989753766,1.4517887875],[3.2325406656,3.3726608414]],"2":[[3.6661401285,1.4765793007],[2.825718871,2.6768522297],[3.7748489994,3.1328213209],[1.716153139,3.2351381257]],"3":[[1.6754550629,2.9204734873],[2.5088868375,3.8147508035],[3.0982387679,1.9619544558],[1.5409046581,1.5897248439]],"4":[[2.2394981102,1.0702511356],[2.9020052598,2.6406387024],[2.6239422843,0.9927216733],[2.6918536627,3.0224607474]],"5":[[1.4738165843,0.6555895763],[0.9032484024,1.5162228433],[0.1923029474,1.0887459365],[1.535982092,0.1112917483]],"6":[[0.4619975868,0.0250775],[1.3481589156,0.158285988],[2.3389210037,1.5421629978],[2.5269394121,2.2988853005]],"7":[[0.4688425949,2.5055282937],[2.5227841913,1.3739893238],[2.5754614379,0.663136805],[0.6509924228,2.4322667559]],"8":[[0.00316142,3.3028671415],[1.802795071,1.6637008796],[3.9801099531,1.2928138876],[3.113368635,3.4510059599]],"9":[[1.3548199909,2.4706246494],[0.0954780668,2.4282674763],[2.6332659798,1.8620690425],[0.5933782994,0.2166517562]],"10":[[3.0191167412,0.3449412027],[1.5427381868,1.4303665863],[2.1739928302,1.1166828728],[3.5618431125,2.3789364455]],"11":[[1.0257384886,0.9306377191],[0.9934324084,0.7754616931],[0.7443216783,0.5876957216],[0.4740286598,1.1229967604]],"12":[[1.3819985802,0.2325317247],[0.3361942431,0.6533900641],[0.1388441951,1.0856188082],[1.3524383637,0.5977324194]],"13":[[1.2134752263,1.5722454291],[0.5089722408,0.1184981765],[0.4165702186,0.491712305],[1.0980997259,0.8438156136]],"14":[[1.7601585197,1.1882448065],[2.3258386493,2.331963087],[1.5817029007,2.3648397197],[2.4925149944,1.514643335]],"15":[[2.0654743708,0.5730173457],[1.5848396347,3.128310475],[0.336759257,1.5311772786],[2.9873854995,2.1639882041]],"16":[[0.4322337691,1.1383811328],[1.4203502274,0.9833271368],[0.2828225749,1.2187278425],[0.3020005235,1.3021588892]],"17":[[1.5823487388,3.7217889564],[1.1686022468,1.3562899483],[1.5043993368,0.2222095968],[4.5317446674,3.9143010827]],"18":[[1.431960539,0.3739353909],[0.1093549588,1.0201105142],[1.9018097664,0.2267908701],[1.4434939151,0.2186732563]],"19":[[1.4410788741,2.2464844464],[1.3506023148,0.4739858874],[1.2678127906,0.5217564282],[3.1617315619,3.1402385377]],"20":[[1.3391616556,0.161078093],[1.2156597233,2.0299372827],[1.6397290197,1.3004517327],[1.7865400296,2.1092016195]],"21":[[1.4020525923,2.4234489044],[3.4232407788,0.234914208],[2.0494202153,1.8581517525],[0.236245094,3.4709692823]],"22":[[1.5556782994,0.1584110104],[1.0853411899,2.0991229745],[1.406545655,2.6718920594],[0.7414634398,2.4317710651]],"23":[[1.900180103,0.9939338767],[1.2669740984,1.4679322163],[2.4254330138,2.2620212751],[0.6853373686,1.291638392]],"24":[[1.713736149,0.1752516387],[1.3655440294,0.1163795403],[1.9196758068,1.8453901377],[1.9338147077,0.8713591064]],"25":[[3.2064683373,1.1043911941],[1.1318775174,3.2161792649],[2.0992415163,3.3125828751],[2.9359535382,2.6225075897]],"26":[[0.57774327,1.6073590821],[0.9352208018,1.7346291845],[0.8061444303,1.4453282734],[0.183828629,0.8148648519]],"27":[[2.0680420444,0.6552477897],[2.2471238214,3.4466957149],[2.4132231311,2.1055780488],[4.0468998234,0.884838952]],"28":[[1.6535654245,1.6886493033],[1.8224381419,2.6360656801],[3.4692102551,0.8565387482],[3.1487864141,3.6342693075]],"29":[[1.6039174154,0.7904857255],[1.2927268874,0.996902006],[0.6294919902,1.519048455],[0.4521588341,0.8707920352]],"30":[[3.2757829406,1.7563957334],[3.8286514873,2.5205912017],[2.8689225411,0.6455287294],[3.3819941221,2.3094145396]],"31":[[0.9808803271,0.0674138721],[0.5788928881,0.1644425906],[1.6002757748,1.3803429414],[0.197051248,1.5122255489]],"32":[[0.8764842068,1.8838398148],[2.741914257,0.0830595337],[1.5503146158,1.9212697583],[1.6076269671,2.5462989892]],"33":[[1.2968006747,0.28990982],[1.4104227453,1.1986477307],[1.1215066615,0.1326047425],[1.8658681258,2.0559333565]],"34":[[3.0277759504,2.9549722104],[2.7076517191,1.7145147831],[4.0769733913,2.2547630398],[4.5365737183,2.7125808685]],"35":[[0.5612787594,2.7564912396],[1.4704721704,0.0426277741],[2.9950892624,0.0561092255],[1.1409107786,0.1309824377]],"36":[[0.9344722115,0.9786843912],[0.7165506797,2.6852238858],[1.5993181959,2.5198889694],[2.0594774979,0.4113264464]],"37":[[0.0524105608,3.8587744637],[3.8004915347,0.4331746259],[3.4168318501,0.2134356825],[2.3264581758,2.1062605387]],"38":[[1.486377896,0.7591521224],[0.1407638716,0.9661057181],[0.6387368773,1.5817794789],[0.1305562198,0.2187922226]],"39":[[0.451443509,1.5112732887],[1.8171825055,1.1064813013],[1.8024553746,0.4132587527],[1.6920082301,0.6214001656]],"40":[[1.5204374433,0.7702201943],[2.9513225484,3.7648302046],[3.661784221,3.0128219158],[2.0285461374,1.0588647108]],"41":[[4.2229996192,2.3818159486],[1.726603958,2.7060833796],[0.4408936714,1.3821536256],[4.3344308576,4.5801618336]],"42":[[0.6640326852,3.2265882928],[3.9187050535,2.2849005609],[1.4778283274,3.6724471663],[2.4150569131,1.2235974776]],"43":[[3.2954983779,1.9469852147],[0.635142243,1.4850040725],[0.6615718988,1.7181379923],[3.120381258,0.2714709581]],"44":[[0.8144523539,1.6672595746],[0.7317613653,0.1584285107],[1.1359632808,4.6411156213],[3.1595865378,3.4111049261]],"45":[[1.5959732767,2.7543588592],[0.8184968834,1.5901174648],[2.6208087046,0.1385014178],[0.1017846944,1.7506101435]],"46":[[3.5502347459,1.7394365483],[1.3160664691,0.1835607287],[1.6357739259,1.7781193146],[0.3962358103,1.1184087674]],"47":[[1.8907496771,0.8831264238],[3.1770463615,3.1445911726],[2.3783494857,3.3576253895],[2.310218213,2.6491913797]],"48":[[0.0415855109,0.8006694137],[2.2650377941,1.7183413998],[2.3089020139,1.0152304282],[1.067713817,0.7501057559]],"49":[[2.3922428582,2.860719574],[0.3313136535,2.0553542247],[1.867008116,2.4183050803],[3.1646536636,2.5514774896]]},"widthOfCell":{"0":1.991991136,"1":3.4938885626,"2":3.9996623256,"3":3.9166908859,"4":3.954328781,"5":1.5730795788,"6":2.6953783592,"7":2.6543417959,"8":4.2345519912,"9":2.6727737585,"10":4.3936849004,"11":1.5485125946,"12":1.8894968988,"13":1.5802003545,"14":2.7314685752,"15":3.2212871334,"16":1.4412312262,"17":4.5940504414,"18":1.9513047485,"19":4.5322467476,"20":2.1330929107,"21":3.6280380842,"22":3.2341343314,"23":2.5058038117,"24":2.8810742409,"25":3.8664322705,"26":1.808998789,"27":4.9002452965,"28":3.7837343139,"29":2.1807840381,"30":4.4798787465,"31":2.0924839092,"32":3.6615925002,"33":2.1108470301,"34":4.8378230449,"35":3.9792972757,"36":3.4386800164,"37":4.4107408275,"38":1.6427908814,"39":1.9271332261,"40":3.9153827213,"41":4.810981375,"42":4.473556938,"43":4.154237526,"44":4.7892002264,"45":3.1690823028,"46":4.0538980919,"47":3.8337495169,"48":2.5313192162,"49":3.372525052},"numberOfSurroundingCells":{"0":4,"1":4,"2":4,"3":4,"4":4,"5":4,"6":4,"7":4,"8":4,"9":4,"10":4,"11":4,"12":4,"13":4,"14":4,"15":4,"16":4,"17":4,"18":4,"19":4,"20":4,"21":4,"22":4,"23":4,"24":4,"25":4,"26":4,"27":4,"28":4,"29":4,"30":4,"31":4,"32":4,"33":4,"34":4,"35":4,"36":4,"37":4,"38":4,"39":4,"40":4,"41":4,"42":4,"43":4,"44":4,"45":4,"46":4,"47":4,"48":4,"49":4},"potentialEnergy":{"0":257397.2155081092,"1":307246.8089916635,"2":584.8797668137,"3":223.5799455867,"4":1640300.9787712544,"5":315662.3282003973,"6":14592.3265370785,"7":290832468.0991262197,"8":348.222129521,"9":93866.2567550941,"10":10761.1934469262,"11":1619194107.0839710236,"12":2233379.0362940817,"13":1382309.4516379221,"14":13658.6566678456,"15":7819.2448072126,"16":223683123497.9254760742,"17":631.7935867205,"18":1860257566.2049129009,"19":92148011436.8600006104,"20":18005420.1624426916,"21":62878.598624204,"22":273513.8557765559,"23":39241.4000022737,"24":2664732.7952325251,"25":1168.7002453852,"26":24798957.5824453942,"27":90.7811134179,"28":1486.9268455937,"29":1719260.9961099736,"30":245472.717667626,"31":772244.3226782012,"32":42288.2308856102,"33":67831859.2592952251,