{"particleCoordinates":{"0":[[35.3016067046,11.6537560837],[47.645100144,25.4654730655],[42.4717504702,9.7452495347],[26.7343465061,39.9692325519]],"1":[[7.6855216388,4.9290844552],[3.9508254966,0.3667660638],[11.7873892829,6.3863032793],[11.5294916214,3.6592134452]],"2":[[4.13215163,5.3899354119],[0.9190841816,5.8114332109],[8.0222128215,6.4892346338],[6.421188063,2.5180568618]],"3":[[5.5031882941,23.3480440734],[24.5466553229,2.0771095762],[5.9568722999,9.2530377901],[16.9069106241,8.5013481687]],"4":[[19.9082160751,17.0262983133],[18.899327046,7.2241542094],[4.5744153739,11.0086150058],[12.2468917091,13.9958206149]],"5":[[0.6194171433,0.5543335952],[2.6013963168,0.2935819344],[1.2877925681,1.3328104379],[0.5989391564,1.3549465664]],"6":[[1.8028879847,16.9703117291],[15.7311640563,3.7770859568],[6.1437351988,7.5765327483],[8.19131603,21.3741939831]],"7":[[14.4348638411,33.1581930548],[32.4708162384,2.1793449342],[19.1691668609,21.2802249857],[16.2065570197,39.5438391901]],"8":[[7.0849812407,5.6833170002],[7.8366640645,6.8642747698],[9.8720112739,4.237466059],[3.948643612,10.1332290396]],"9":[[8.0760509017,7.4327079139],[0.85067649,4.0797483788],[1.4222971605,9.9220490245],[0.2039869945,5.7953732002]],"10":[[12.3274030207,15.368762428],[11.5271053596,3.5521866167],[3.2348304184,21.4437637264],[21.0040455013,0.3484426513]],"11":[[27.2013105299,29.0667472109],[31.1424611618,8.1614719229],[10.8195776223,32.343091701],[7.8363730977,28.5118681836]],"12":[[28.8413911649,26.7020696669],[27.9413519742,32.1677379522],[9.160582965,13.5102251479],[2.6004364606,10.0349001621]],"13":[[17.2446290186,18.4883719957],[11.8885399661,22.423683688],[24.8631020448,23.3912861922],[19.1779075461,2.0379649291]],"14":[[0.3381365843,1.0784585067],[1.2623050541,1.3088183066],[0.2102957508,1.9133645712],[0.1036335148,1.2708814369]],"15":[[33.783177818,21.1005455224],[29.0438657326,14.0128482096],[27.8289827678,9.0464016284],[25.7935253898,22.7196180023]],"16":[[4.6789218629,9.6351441892],[16.4046842742,34.6590198826],[12.242821859,18.3538887655],[27.2548605395,0.4151344329]],"17":[[20.3932726116,11.0125046764],[7.7817071274,16.6051898982],[14.4164099221,22.5894119956],[9.6372288497,28.5807626458]],"18":[[5.578086128,22.7506749455],[23.1045468668,17.7488394832],[5.1452135362,9.4234281299],[3.2571398042,4.2469724823]],"19":[[3.957405965,1.3012838054],[11.6804492223,0.6184588359],[7.5753697867,3.1098027009],[3.1894996865,2.899281025]],"20":[[2.5412091821,4.2102825902],[6.1865066191,13.0293587821],[4.3019449532,18.8935180015],[26.1042893471,6.4435915211]],"21":[[16.6144997487,20.8205485435],[28.8446670575,22.0763556431],[22.7335271983,4.3662249649],[26.0746493484,9.0845051576]],"22":[[0.5493191829,0.7412842379],[0.7854015628,0.0764442689],[0.6266997763,0.1067350236],[1.0021723517,0.9482456231]],"23":[[36.7137776926,0.6201738077],[25.640163748,12.2613807633],[36.8351995186,27.9379627928],[34.3688272269,6.5514138623]],"24":[[21.0658354692,6.6605809587],[4.7700361341,11.6943678733],[8.6889457713,23.3282514361],[12.1204209574,17.9511712307]],"25":[[1.2372012194,0.4611971876],[1.7626846646,3.3278770637],[0.3856269393,0.107580925],[0.4374800086,0.7904042451]],"26":[[15.6551566289,30.3949625062],[9.1236706803,3.1995434301],[3.2577672274,17.4901025035],[31.1551934113,15.3952303329]],"27":[[19.129214547,10.3341025959],[20.7627909863,27.0756794587],[22.6404371173,9.4940340521],[30.4785811424,12.9906344123]],"28":[[2.2045709618,1.2088443857],[1.0848661547,1.521077755],[2.6281568394,1.3794855763],[2.3819127462,0.4752845881]],"29":[[9.3029843329,14.5321800626],[11.932883451,1.7277749653],[6.2142010519,10.2307871427],[8.5075014443,5.2798396893]],"30":[[2.0787436355,6.3283846559],[6.6305168726,4.9643709382],[2.5745978314,6.3626071933],[6.4785005477,4.9619411814]],"31":[[8.2149416281,3.0865054428],[3.9098711817,3.8602992773],[2.6163850938,7.7290526693],[1.801605948,2.4214486199]],"32":[[9.6666386278,17.7782598011],[14.3461458423,10.4705367629],[23.8651819226,23.9195307901],[19.8371256441,4.4578903242]],"33":[[7.7339382812,26.6238844969],[10.3549678195,21.6094204654],[6.8808441751,3.6461003687],[29.2949669256,3.6686328729]],"34":[[0.9820413835,1.273359779],[2.1397166295,0.1217764124],[0.6143999157,0.5154249253],[1.2549428857,1.9293078191]],"35":[[1.8794827385,4.0458394454],[6.8157019737,8.4880219382],[0.6643127866,3.9293577409],[5.4012867954,6.2505660504]],"36":[[11.4802634783,18.7190358718],[20.8513241072,20.772894344],[2.6655646398,1.3717710438],[8.2689310135,9.2868415053]],"37":[[3.1876667312,15.6178400387],[16.5019927039,16.3206963642],[22.4754833019,26.3233816494],[5.8789145379,14.8642789166]],"38":[[1.7847147578,18.018743959],[23.6664115235,16.0127404969],[24.8248512143,11.295236125],[15.088545122,15.0812318382]],"39":[[11.0649158508,2.7831178625],[3.3367659641,12.8993435462],[5.7416226497,6.5729861185],[0.431854674,10.490975213]],"40":[[16.2463951271,11.8511028343],[5.60308897,10.5626528759],[17.19530365,0.3672977923],[2.3520901517,1.8701262061]],"41":[[24.2031543391,21.4793304652],[8.9191632106,0.3599025255],[5.4833066623,0.2721685683],[15.046692255,11.8284917454]],"42":[[33.5661687674,0.0730576104],[13.3216576925,6.8287112812],[26.1358261474,21.2127776822],[22.4807049896,25.4850344472]],"43":[[27.816125027,11.7756599619],[1.8874077025,21.257372796],[0.5265890083,16.567042882],[30.4083687076,10.748970815]],"44":[[2.2796571429,6.0395026039],[7.010340853,2.5555524332],[5.3473646472,7.4542783195],[8.0272740309,3.7829230462]],"45":[[3.3805355402,4.0496786187],[2.8804359439,4.3490551882],[2.4741637712,1.6019274487],[1.7144301821,1.5986589688]],"46":[[18.5246869501,5.7981295536],[14.1676710157,3.1622070677],[20.839324724,19.4420984964],[4.3165313815,11.1105013789]],"47":[[11.9838196001,0.0961893848],[9.4557068366,5.3103983078],[11.9559070057,10.2305908122],[1.6407736795,1.6699868804]],"48":[[16.1201502978,19.1156997485],[1.3376804146,13.3524980588],[44.6792996686,29.7420014574],[43.3695561786,23.3054340223]],"49":[[37.2531136973,35.2859047452],[45.1737483104,22.5648444306],[23.1021540584,32.6440569683],[28.3431649343,19.1423383726]],"50":[[0.3203736835,1.2240645486],[0.9393195515,0.2956153353],[1.8114513879,1.1979197116],[0.9223207908,1.4735119129]],"51":[[1.9010031277,2.1506803394],[3.2425335975,1.0121687399],[3.0989753766,1.4517887875],[3.2325406656,3.3726608414]],"52":[[3.6661401285,1.4765793007],[2.825718871,2.6768522297],[3.7748489994,3.1328213209],[1.716153139,3.2351381257]],"53":[[1.6754550629,2.9204734873],[2.5088868375,3.8147508035],[3.0982387679,1.9619544558],[1.5409046581,1.5897248439]],"54":[[2.2394981102,1.0702511356],[2.9020052598,2.6406387024],[2.6239422843,0.9927216733],[2.6918536627,3.0224607474]],"55":[[1.4738165843,0.6555895763],[0.9032484024,1.5162228433],[0.1923029474,1.0887459365],[1.535982092,0.1112917483]],"56":[[0.4619975868,0.0250775],[1.3481589156,0.158285988],[2.3389210037,1.5421629978],[2.5269394121,2.2988853005]],"57":[[0.4688425949,2.5055282937],[2.5227841913,1.3739893238],[2.5754614379,0.663136805],[0.6509924228,2.4322667559]],"58":[[0.00316142,3.3028671415],[1.802795071,1.6637008796],[3.9801099531,1.2928138876],[3.113368635,3.4510059599]],"59":[[1.3548199909,2.4706246494],[0.0954780668,2.4282674763],[2.6332659798,1.8620690425],[0.5933782994,0.2166517562]],"60":[[3.0191167412,0.3449412027],[1.5427381868,1.4303665863],[2.1739928302,1.1166828728],[3.5618431125,2.3789364455]],"61":[[1.0257384886,0.9306377191],[0.9934324084,0.7754616931],[0.7443216783,0.5876957216],[0.4740286598,1.1229967604]],"62":[[1.3819985802,0.2325317247],[0.3361942431,0.6533900641],[0.1388441951,1.0856188082],[1.3524383637,0.5977324194]],"63":[[1.2134752263,1.5722454291],[0.5089722408,0.1184981765],[0.4165702186,0.491712305],[1.0980997259,0.8438156136]],"64":[[1.7601585197,1.1882448065],[2.3258386493,2.331963087],[1.5817029007,2.3648397197],[2.4925149944,1.514643335]],"65":[[2.0654743708,0.5730173457],[1.5848396347,3.128310475],[0.336759257,1.5311772786],[2.9873854995,2.1639882041]],