{"particleCoordinates":{"0":[[11.245045969,4.1496149635],[17.8195852415,6.2309360931],[6.1548062181,8.0946436742],[13.1019601759,21.8352716948]],"1":[[54.2936693712,52.817098972],[27.2926388915,31.40885025],[54.5662079954,10.8928318684],[21.2866907401,7.5124731848]],"2":[[14.1321200787,16.2522845362],[7.9221863735,62.3903509123],[31.6823413509,40.2085623609],[75.603387277,58.1018322629]],"3":[[14.4097071512,22.9496887967],[21.3637668921,16.3830394528],[0.9126765067,5.3476053758],[25.2730987387,10.0539512636]],"4":[[9.0733063309,16.5270640813],[9.2274867738,14.6742908733],[9.0462608137,27.2616479909],[8.0358629709,17.3609820035]],"5":[[10.6649048176,0.522282245],[3.3384569001,2.5612309614],[5.3527568648,7.9107613166],[10.5118105694,5.3104294269]],"6":[[1.3468856903,7.9396926808],[10.4980688849,9.0465614191],[6.3329629678,11.7088713846],[8.1280306372,2.6543566491]],"7":[[33.8772975614,32.4830896125],[36.7424618524,72.4238757601],[64.9963172236,67.9614599941],[55.7392953157,29.3127396812]],"8":[[45.7875153634,27.0242351823],[75.3582117848,106.0674828628],[23.7901300128,75.2835503041],[16.4287532927,22.5667937482]],"9":[[53.4117308434,23.1482099547],[43.0508084898,28.050629386],[14.9690768914,33.1543387678],[54.7305873215,47.0159797301]],"10":[[29.9156584353,27.0430793175],[23.1910454007,66.175885167],[62.7428027358,73.645762703],[41.4854996063,4.6147761639]],"11":[[1.0765629305,5.2975430138],[9.9724361477,4.5579518839],[17.2441779164,17.2701060466],[19.6986724605,14.1174226382]],"12":[[3.708763005,10.4068018878],[5.5854343293,16.3118097273],[7.8043020491,2.6682749036],[7.7142536911,4.9168750472]],"13":[[46.2373307992,15.4396418772],[59.830392874,34.278301528],[52.9471229665,64.6072797382],[20.1070601076,24.4175553099]],"14":[[61.4982786703,56.374540036],[56.65794317,35.5692878602],[66.3645858536,18.9240006283],[57.7542078818,46.3721161577]],"15":[[44.8759168437,9.4170796408],[35.0477737315,17.4203047316],[20.3385938075,35.369627671],[16.5299141244,41.0671203]],"16":[[24.2799113505,1.8133667321],[25.7412223903,40.8248782264],[39.3392525864,3.7754166934],[2.082890132,30.0568835008]],"17":[[87.7032214356,76.099972513],[84.563631303,47.3571771286],[37.5689739018,43.4566662842],[20.9316615356,86.8949070213]],"18":[[31.0878266743,7.512858899],[31.6742955232,32.0843009485],[19.265639197,24.1227818746],[17.9051466579,18.7562768429]],"19":[[57.1212579761,60.7772632959],[2.096075963,35.6951328288],[48.2612196005,35.0026446147],[52.3764394672,9.2409436081]],"20":[[67.8641094436,93.0103366982],[73.8721475278,69.9129042963],[40.5500752261,105.3292815688],[64.5052739215,81.8111061862]],"21":[[23.2484242365,100.2277328833],[31.087176947,41.9509122088],[109.0125638993,92.5102721653],[84.7843813156,88.6236109318]],"22":[[72.6591867203,104.2494764363],[71.7291647789,97.2286137004],[52.9242395208,35.8777234798],[108.5419640346,110.1939575283]],"23":[[0.41366124,6.6970941999],[35.6967632148,61.8076711961],[52.3150404065,28.09121901],[63.6803243115,31.4687877769]],"24":[[38.5019707221,63.5213460743],[22.4173956981,77.3157507675],[29.7686837513,71.5961932752],[15.7482317918,79.7070391197]],"25":[[8.2916529571,8.6658915135],[2.0896868226,15.5887247084],[17.4519339679,12.7961040754],[1.5453794217,8.9359256805]],"26":[[15.0375116915,58.9280194196],[20.5787250806,16.8915151158],[40.5988970771,14.7694676191],[79.7832114245,57.7588006876]],"27":[[68.3921885344,44.7250889724],[65.8684882144,84.7019405511],[15.0033815236,21.8804116676],[18.3208598558,5.0780025464]],"28":[[34.9051048546,52.2964478047],[23.1317126,6.0392829708],[46.2024875105,26.8062988798],[5.3444894654,24.9442996092]],"29":[[7.8733269976,88.1036522422],[2.3054930582,75.6333970699],[19.9866960911,3.8449999669],[83.3848738347,57.5410751596]],"30":[[1.9987499463,7.4829909903],[0.1525202853,1.2739358286],[12.5909010894,22.9712885107],[7.3508884138,17.5362670392]],"31":[[37.9068160223,39.421331779],[19.3856084279,15.290636127],[57.6839909805,16.4785043934],[44.2712124074,51.4022525634]],"32":[[11.9455901943,97.6936901947],[61.2083093885,37.2343077108],[12.0624275028,96.7537994107],[26.8037559957,80.8167078408]],"33":[[47.7270472154,18.802701613],[38.7921381723,35.247226112],[51.1263060178,11.117349498],[56.1991995369,21.6301592049]],"34":[[41.7102537492,11.3986195525],[8.6401886509,15.2885850796],[14.6526216764,49.7747449429],[20.6058271249,42.601884795]],"35":[[56.298515265,10.6990794365],[10.0834779125,22.8935371004],[59.5565323715,50.5035435617],[50.4963334457,32.7985303666]],"36":[[54.7101856828,85.7192480503],[90.2737656542,28.2778669188],[21.5347825005,45.2411798814],[18.7133276596,12.5324997427]],"37":[[99.4659088273,89.9848936992],[17.8948788865,26.6683817628],[77.9367639756,50.3879069297],[88.5504819915,3.1965641135]],"38":[[73.0060876067,20.1563838164],[1.8375366661,79.0526176714],[61.4367973464,22.2215415398],[40.8495618209,3.7394761424]],"39":[[5.7258517751,35.3011846191],[62.7527218467,9.2021720956],[48.0527415293,9.6056917517],[54.6843583301,53.5072001626]],"40":[[25.3923206313,17.2074722003],[4.8020474201,31.0912225971],[17.7107559448,6.8931687081],[27.1628140749,27.2831956506]],"41":[[10.0030833649,104.5728389692],[0.462592606,95.1237742517],[37.291336716,86.5397277797],[2.362580942,47.7682949699]],"42":[[25.7007590783,30.366976538],[29.0320259018,27.4707491861],[30.595094845,24.3069835609],[12.5089566276,36.0866376947]],"43":[[32.1652816929,36.3422062186],[17.192950324,7.6717306172],[18.5060192588,27.2703576929],[10.1342617761,4.5383114628]],"44":[[13.2988876033,35.5062643165],[30.5410495769,42.2779680734],[13.9920940101,5.6020856749],[27.9662533297,14.9871790275]],"45":[[41.1714473764,23.9785163503],[85.2087332033,31.3535502914],[89.3789252814,38.9283456774],[27.6756868474,88.2340636091]],"46":[[23.4734837465,31.48619006],[52.4737324139,40.9479704213],[37.8361169063,33.3371015446],[8.125779667,36.9041669865]],"47":[[47.1652518124,40.4130094125],[21.6456875098,22.8010371524],[0.0413920743,66.2127839034],[44.1899721602,52.4507152711]],"48":[[12.9716408943,109.7093196769],[0.1659805458,5.5179173441],[4.7918923984,74.1409195637],[14.7014853128,5.011751607]],"49":[[17.0884888842,4.433089239],[20.1269306983,10.8660184412],[2.0195073727,1.1434864324],[9.8851943791,1.5012636287]],"50":[[13.6917479326,35.214798478],[101.9209681817,35.4989315998],[114.7389554295,87.3129276265],[111.8693585061,44.9321844628]],"51":[[29.5497021586,42.6683504846],[77.637940451,61.224441143],[35.6156770068,95.326093418],[5.2929528066,4.3247021579]],"52":[[32.4935559201,34.0561585466],[12.4677098042,6.6972665834],[30.6102419769,4.6236265489],[15.5913534503,17.5941321566]],"53":[[5.8219799131,71.4831987394],[27.515629916,79.0196240541],[64.581141251,22.480958342],[88.2077168093,11.3538578375]],"54":[[26.1167709635,57.145976434],[45.3377805726,64.2125927053],[3.7527817402,73.7383433271],[71.1019025042,17.7060482055]],"55":[[93.8442120934,16.619501881],[65.5115609753,40.8416421202],[72.1709112433,46.1957475857],[3.8073022613,60.1085250943]],"56":[[1.4423239135,12.3378164979],[63.5463115882,55.3083849543],[53.7818621314,76.9416649088],[54.2323966878,11.6175948623]],"57":[[36.3805289643,74.3712888128],[31.0082032393,91.7224174427],[68.0859550175,91.7066603018],[0.768719608,70.3639294611]],"58":[[23.009572997,13.839299117],[41.2456048384,19.7564033254],[62.0953470402,23.4480036175],[6.0090535411,58.2537383103]],"59":[[60.8658857447,59.8426358737],[14.4181681272,28.3422283855],[4.5082938794,13.3427281278],[19.806443335,49.4657664117]],"60":[[10.8427558533,9.8543379066],[5.3801962574,11.6907730897],[9.0096185451,7.6977976142],[3.0117444869,8.287128883]],"61":[[18.1963989236,13.6152418701],[8.161012676,25.2857979356],[17.0769165486,14.3454206243],[12.316526269,25.1491394456]],"62":[[27.4941868985,21.8003844844],[77.6867083694,8.6912613595],[75.4013390846,34.3007975681],[71.1323508865,6.5450889069]],"63":[[0.4330977116,1.4025505931],[4.9017076394,0.9211703783],[2.2502315044,1.8568167587],[4.2478066435,3.2166874858]],